ID,name,information,birthDate,birthPlace,college
1,Aaron Kromer,Aaron Kromer is the current offensive coordinator coach for the Chicago Bears of the NFL.He coached the 2000 Northwestern football camp. He is a 1985 graduate of Margaretta High School in Castalia Ohio where he played football and basketball.Kromer was hired by the New Orleans Saints in 2008 as the running backs coach before becoming the offensive line coach the following season.,NULL,NULL,NULL
2,Adam Gase,Adam Gase (born March 29 1978) is the current offensive coordinator for the Denver Broncos of the National Football League. He was promoted to the position on January 17 2013. He had previously been the team's quarterbacks coach.Gase has also coached for the LSU Tigers Detroit Lions and San Francisco 49ers.He is married to the daughter of New Orleans Saints linebackers coach Joe Vitt.,3/29/1978,Ypsilanti Michigan,Michigan State University
6,Al Saunders,Al Saunders (born February 1 1947) an American football coach currently employed by the Oakland Raiders.,2/1/1947,London,{University of Southern California|San Jose State University}
9,Andy Moeller,Andy Moeller is the offensive line coach for the Cleveland Browns of the National Football League. He is the son of Gary Moeller. Moeller was a player for the Michigan Wolverines football team and served with the team for eight years before joining the Baltimore Ravens. He replaced John Matsko in 2011 after Matsko was fired.,NULL,University of Michigan,NULL
10,Andy Reid,Andrew Walter Andy Reid (born March 19 1958) is a professional American football coach who is the head coach of the Kansas City Chiefs of the National Football League (NFL). Reid was previously the head coach of the Philadelphia Eagles a post he held from 1999 to 2012. From 2001 to 2012 he was also the Eagles' executive vice president of football operations effectively making him the team's general manager.,3/19/1958,NULL,Brigham Young University
12,Ben McAdoo,Ben McAdoo is currently the offensive coordinator for the New York Giants. He was hired on January 14 2014. Previously he spent eight seasons with the Green Bay Packers as tight ends coach for six years and quarterbacks coach for two years and previously worked under Green Bay head coach Mike McCarthy in 2004 with the New Orleans Saints and in 2005 with the San Francisco 49ers. He has also served as a coach at five colleges since 2001.,7/9/1977,NULL,Indiana University of Pennsylvania
14,Bill Belichick,William Stephen Bill Belichick (/?b?l?t??k/ born April 16 1952) is an American football head coach for the New England Patriots of the National Football League. He also has extensive authority over the Patriots' football operations effectively making him the team's general manager as well. Coaching continuously in various roles in the NFL since 1975 Belichick earned his first head coaching job with the Cleveland Browns in 1991.,4/16/1952,NULL,Wesleyan University
15,Bill Callahan ,William E. Callahan (born July 31 1956) is the offensive coordinator and offensive line coach for the Dallas Cowboys. He was formerly the head coach of the Oakland Raiders for the 2002-2003 seasons and for the University of Nebraska for the 2004-2007 seasons.,7/31/1956,Illinois,NULL
17,Bill Lazor,William V. Lazor (born June 14 1972) is an American football coach and former player. He is currently the offensive coordinator for the Miami Dolphins. Lazor has previously served as the quarterbacks coach for the Washington Redskins and Seattle Seahawks of the National Football League. He played collegiately as a quarterback at Cornell University from 1991 to 1993.,6/14/1972,NULL,NULL
19,Bill O'Brien ,William J. Bill O'Brien (born October 23 1969) is the current head coach and offensive coordinator of the Houston Texans of the National Football League. He previously was the head coach of the Penn State Nittany Lions from 2012 to 2013.O'Brien began his coaching career in 1993 at Brown University before spending more than a decade coaching in the ACC. He joined the New England Patriots in 2007 where he eventually served as quarterbacks coach and offensive coordinator in 2011.,10/23/1969,NULL,NULL
20,Bill Sheridan,Bill Sheridan (born January 27 1959) is an American football coach is currently the linebackers coach for the Detroit Lions of the National Football League (NFL). Sheridan was previously the defensive coordinator for the Tampa Bay Buccaneers. He was also a coach for a number of college teams including Notre Dame and Michigan State. From 2005 to 2008 he was the linebackers coach for the NFL's New York Giants. In 2009 he was the defensive coordinator for the New York Giants.,1/27/1959,Detroit,NULL
22,Billy Miller ,Billy RoShawn Miller (born April 24 1977 in Los Angeles California) is a retired American football tight end. He has won a Super Bowl with the New Orleans Saints of the National Football League. He was originally drafted by the Denver Broncos in the seventh round of the 1999 NFL Draft.,4/24/1977,Los Angeles California,USC Trojans football
25,Bob Quinn ,Bob Quinn (born c. 1976 in Norwood Massachusetts) is the current American football Director of Pro Scouting for the New England Patriots of the National Football League. After graduating from Norwood High School Quinn attended the University of Connecticut graduating in 1998. While earning his masters degree in sports management at Connecticut he was a graduate assistant for the school in 1998 and 1999.,NULL,Norwood Massachusetts,NULL
26,Bob Sanders ,Bob Sanders is an American football coach and currently the linebackers coach for the Oakland Raiders. He previously coached for Buffalo Bills from 2009-2012 after coaching for four years with the Green Bay Packers four years with the Miami Dolphins and after 11 years with the Florida Gators. He was let go by the Green Bay Packers following the 2008 season.Sanders was hired on January 29 2009 by the Buffalo Bills as defensive line coach.,12/5/1953,Jacksonville North Carolina,Davidson College
34,Brad Childress,Brad Chilly Childress (born June 27 1956) is a former head coach of the Minnesota Vikings. He attended high school at the Marmion Academy in Aurora Illinois. Childress has worked for over thirty years as a coach for various college programs and NFL franchises. He is currently a senior offensive assistant for the Kansas City Chiefs.,6/27/1956,Aurora Illinois,Eastern Illinois University
37,Brendan Daly ,Brendan Daly (born September 10 1975) is a Assistant Coach for the New England Patriots. Daly was the defensive line coach of the St. Louis Rams of the National Football League from 2009 to 2011 after spending three seasons as the assistant defensive line coach for the Minnesota Vikings.Daly worked with the Villanova defensive linemen in 2005. He spent the 1999 season working with the TEs. The 1999 Wildcats went 7-4 and Talley posted his 100th victory at the school.,9/10/1975,NULL,NULL
41,Brian Daboll,Brian Daboll (born April 14 1975 in Welland Ontario) is an American football coach who is a current coaching assistant for the New England Patriots,4/14/1975,Welland Ontario,University of Rochester
42,Brian Flores,Brian Flores (born February 24 1981 in Brooklyn New York) is a current American football safeties coach for the New England Patriots of the National Football League. After attending Poly Prep Country Day School in Brooklyn New York Flores played football at Boston College as a linebacker from 1999 through 2003. In 2004 Flores joined the Patriots as a scouting assistant. He then became a pro scout in 2006 before moving to the coaching staff as a special teams coaching assistant in 2008.,2/24/1981,Brooklyn,Boston College
44,Brian Schottenheimer,Brian Schottenheimer (born October 16 1973) is an American football coach. He is the current offensive coordinator of the St.Louis Rams of the National Football League (NFL). Before becoming an offensive coordinator he was the quarterback coach for the San Diego Chargers. His father Marty Schottenheimer is formerly the head coach of the Kansas City Chiefs and his uncle Kurt Schottenheimer was also the defensive backs coach for the Chiefs.,10/16/1973,NULL,NULL
45,Brian Smith ,Brian Smith (born in Marathon Florida) is the current American football college scouting coordinator for the New England Patriots of the National Football League. Smith attended Phillips Andover in Andover Massachusetts lettering in football. He then played football as a cornerback at Davidson College in Davidson North Carolina in 2000. He later transferred to Providence College graduating in 2004.,NULL,Marathon Florida,NULL
47,Brock Olivo,James Brockman Olivo (born June 24 1976 in St. Louis Missouri) is a former American football running back in the National Football League who played for the Detroit Lions (1998-2002). He is currently the assistant Special Teams coach for the Kansas City Chiefs.,6/24/1976,St. Louis,University of Missouri
48,Bruce Arians,Bruce Arians (born October 3 1952) is an American football coach who currently serves as the head coach for the Arizona Cardinals of the National Football League (NFL). He also served as interim head coach of the Indianapolis Colts during the 2012 season when their head coach Chuck Pagano was diagnosed with leukemia. He guided the Colts to a 9-3 record over his tenure which lasted from October 1 until Pagano's return on December 24. He has also been a head coach at the collegiate level.,10/3/1952,NULL,NULL
56,Chad O'Shea,Chad O'Shea (born December 18 1972 in Houston Texas) is a wide receivers coach for the New England Patriots of the National Football League.,12/18/1972,NULL,NULL
61,Chip Kelly,Charles Chip Kelly (born November 25 1963) is an American football coach. He is currently the head coach of the Philadelphia Eagles and the former head coach at the University of Oregon. During his four seasons at Oregon he led the team to three Pac-12 Conference championships and four BCS game appearances.,11/25/1963,New Hampshire,NULL
62,Chris Jones ,Chris Jones (born c.?1967 in South Pittsburg Tennessee) is the current head coach of the Edmonton Eskimos of the Canadian Football League. He had previously been the Defencive Coordinator for both the Montreal Alouettes and Calgary Stampeders of the CFL.,NULL,NULL,NULL
64,Chris Scelfo,Chris Scelfo is an American football coach currently serving as the tight ends coach for the Atlanta Falcons. He served as head coach at Tulane from 1998 to 2006 including in the aftermath of Hurricane Katrina and amassed a 37-57 record. Scelfo is the only Tulane head coach to have won two bowl games. He previously held assistant coaching positions at Marshall and Georgia.He also interviewed for UAB and Hawaii job.,9/30/1963,NULL,NULL
67,Chuck Pagano,Charles David Chuck Pagano (born October 2 1960) is an American football coach and former player. He is currently the head coach for the Indianapolis Colts of the National Football League (NFL) a position he assumed in January 2012. Pagano has previously served as the defensive coordinator of the Baltimore Ravens in 2011. He is the brother of San Diego Chargers defensive coordinator John Pagano.,10/2/1960,NULL,Wyoming Cowboys football
69,Clancy Barone,Clarence Barone is the tight ends coach for the National Football League's Denver Broncos. Barone has also been the Offensive Line Coach for the Broncos in 2010 he served as the Broncos Tight Ends Coach in 2009 where he will again coach for the Broncos in 2014. He also has served as offensive line and tight ends coach for the Atlanta Falcons as well as tight ends coach for the San Diego Chargers.,7/26/1963,San Andreas California,NULL
70,Clayton Lopez,Clayton Lopez (born May 6 1970) is an american football coach. He currently serves as defensive backs coach under head coach Dennis Allen for the Oakland Raiders. Played defensive back at University of Nevada from 1991-94.,5/6/1970,Los Angeles,University of Nevada Reno
71,Clyde Christensen,Clyde Christensen (born January 28 1956 in Covina California) is the Quarterbacks coach for the Indianapolis Colts of the National Football League. He has been a coach for the Colts since 2002.,1/28/1956,Covina California,University of North Carolina
72,Cory Undlin,Cory Undlin (born June 29 1971) is the current American football secondary coach for the Denver Broncos of the National Football League.,6/29/1971,St. Cloud Minnesota,NULL
73,Craig Johnson ,Craig Johnson (born March 3 1960 in Rome New York) was most recently the quarterbacks coach for the National Football League's Minnesota Vikings. Prior to the Vikings he was the quarterbacks coach for the Tennessee Titans for seven seasons and running backs coach for the last season. Before the Titans Johnson had coached quarterbacks at various colleges for 10 years.,3/3/1960,Rome New York,NULL
76,Dan Quinn ,Dan Quinn (born September 11 1970) is the current defensive coordinator for the Seattle Seahawks. Quinn originally joined Seattle on January 12 2009 after spending the previous six years coaching the defensive lines for the San Francisco 49ers (2003-04) Miami Dolphins (2005-06) and the New York Jets (2007-08). He began his NFL coaching career in San Francisco as their defensive quality control coach in 2001 before moving to the defensive line.,NULL,NULL,NULL
78,Danny Langsdorf,Danny Langsdorf (born June 28 1972) is the current quarterbacks coach for the New York Giants. In his six years as the offensive coordinator at Oregon State his offenses have produced big numbers. Four of the top eight statistical season performances in total offense at Oregon State have come under his guidance.,6/28/1972,McMinnville Oregon,NULL
79,Danny Smith ,Danny Smith (born November 7 1953) is the special teams coordinator for the Pittsburgh Steelers of the National Football League.Prior to the Steelers Smith coached the Redskins special teams from 2004-2012 and the Buffalo Bills special teams from 2001-03. In Smith's last year in Buffalo the Bills finished third in the NFL in kickoff coverage.,9/7/1953,Pittsburgh Pennsylvania,NULL
81,Darryl Drake,Darryl Drake was the wide receivers coach of the Chicago Bears of the National Football League.,NULL,NULL,NULL
82,Dave DeGuglielmo,Dave DeGuglielmo (born July 15 1968 in Cambridge Massachusetts) is the current American football offensive line coach for the New England Patriots of the National Football League.,7/15/1968,Cambridge Massachusetts,NULL
83,Dave Fipp,Dave Fipp (born August 8 1974 in Albuquerque New Mexico) is an American football coach serving as special teams coordinator for the Philadelphia Eagles of the National Football League.,8/8/1974,Albuquerque New Mexico,NULL
87,David Caldwell ,David Caldwell (born c. 1974) is the current general manager of the Jacksonville Jaguars of the National Football League (NFL). Before joining the Jaguars in 2013 Caldwell worked for the Carolina Panthers Indianapolis Colts and Atlanta Falcons.,NULL,NULL,NULL
88,David Corrao,David Corrao (born June 11 1974) is the Assistant Linebackers Coach for the Miami Dolphins. He played one season of college football at the University of San Diego.,6/11/1974,NULL,NULL
97,Dom Capers,Ernest Dominic Dom Capers (born August 7 1950) is an American football coach. He is the current defensive coordinator of the Green Bay Packers and the only man to serve two different National Football League expansion teams as their inaugural head coach.,8/7/1950,NULL,NULL
99,Doug Marrone,Douglas Charles Marrone (born July 25 1964) is an American football coach and former player. He is currently the head coach for the Buffalo Bills of the National Football League a position he assumed in January 2013. He previously was the head football coach at Syracuse University from 2009 to 2012 compiling a career college football record of 25-25. Before that he served as offensive coordinator for the New Orleans Saints from 2006 to 2008.,7/25/1964,NULL,NULL
100,Dowell Loggains,Dowell Loggains (born October 1 1980) is currently the Quarterbacks coach for the Cleveland Browns. He served as Offensive Coordinator for the Tennessee Titans from 2012-2013 as a part of Mike Munchak coaching staff. Days after Ken Whisenhunt took over as Tennessee Titans Head Coach Loggains was informed that he wouldn't remain with the organization. He was previously the teams quarterbacks coach. He played college football at Arkansas.,10/1/1980,Newport Arkansas,University of Arkansas
106,Eric Studesville,Eric Studesville (born May 29 1967) is the current Denver Broncos Running Backs coach. Studesville is best known as the former head coach of the Denver Broncos a position he held on an interim basis in December 2010. He replaced Josh McDaniels after 12 games in the 2010 NFL Season. He was the first African American head coach in Broncos history although only on an interim basis.,5/29/1967,NULL,University of Wisconsin Whitewater
107,Ernie Adams ,Ernie Adams (born c. 1953) is the Football Research Director for the New England Patriots of the National Football League. He is a longtime friend of head coach Bill Belichick. With Adams the Patriots have won three Super Bowls. Adams is known for his eccentric personality and low profile as well as his extremely thorough analysis of the game.,NULL,Brookline Massachusetts,Northwestern University
108,Floyd Reese,Floyd Reese (born August 8 1948) is a senior football advisor for the New England Patriots of the National Football League (NFL). From 1994 to 2006 Reese held the position of general manager of the Tennessee Titans.,8/8/1948,NULL,UCLA Bruins football
110,Frank Scelfo,Frank Scelfo (born February 9 1959) is an American football quarterbacks coach for the Jacksonville Jaguars of the National Football League. He was signed by the Jaguars on January 23 2013. He played college baseball at Northeast Louisiana.,2/9/1959,Louisiana,NULL
112,Freddie Kitchens,Freddie Kitchens (born November 29 1974) is the current quarterbacks coach for the Arizona Cardinals of the National Football League. He has previously been a coach for the Dallas Cowboys Mississippi State Bulldogs North Texas Mean Green and LSU Tigers.,11/29/1974,Gadsden Alabama,NULL
114,Gary Gibbs,Gary Gibbs (born August 13 1952) is an American football coach and former player. Gibbs served as the head football coach at the University of Oklahoma for six years following the resignation of Barry Switzer from 1989 to 1994 compiling a record of 44 23 2.Gibbs spent the first half of his adult life at Oklahoma as a player assistant coach and head coach. He played for the Sooners as a linebacker under Switzer from 1972 to 1974.,8/13/1952,Beaumont Texas,NULL
117,George Edwards ,George Edwards (born January 16 1967) is an American football coach serving as the Defensive Coordinator for the Minnesota Vikings. He was the defensive coordinator of the Buffalo Bills of the National Football League from 2010 to 2011. He has over 20 years of collegiate and professional coaching experience.,1/16/1967,Siler City North Carolina,Duke Blue Devils football
118,George Godsey,George Robert Godsey (born January 1 1979) is the Quarterbacks coach for the Houston Texans and a former Central Florida assistant coach. He played quarterback at Georgia Tech before playing in the Arena Football League for one season.,1/1/1979,NULL,NULL
125,Greg Olson ,Greg Rex Olson (born March 1 1963) is an American football coach. He is currently the offensive coordinator for the Oakland Raiders. He was the offensive coordinator of the Tampa Bay Buccaneers of the National Football League from 2009 to 2011. He served the 2012 Season as Quarterbacks coach for the Jacksonville Jaguars.,3/1/1963,Richland Washington,Central Washington University
126,Greg Roman,Gregory P. Roman (born August 19 1972) is the current offensive coordinator for the San Francisco 49ers. He was hired by the 49ers on January 15 2011. He had previously been a coach under Jim Harbaugh's staff at Stanford from 2009 to 2010.,8/19/1972,NULL,NULL
128,Gregg Williams,Gregg Williams (born July 15 1958) is an American football coach. He is currently the defensive coordinator for the St. Louis Rams. Previously he was head coach of the Buffalo Bills.,7/15/1958,NULL,Truman State University
130,Gus Bradley,Paul Casey Gus Bradley (born July 5 1966) is the current head coach for the Jacksonville Jaguars. He previously was the Tampa Bay Buccaneers linebackers coach from 2006-2008 and the defensive coordinator for the Seattle Seahawks from 2009 to 2012.,7/5/1966,NULL,NULL
134,Howie Roseman,Howard Howie Roseman (born June 23 1975) is the general manager for the Philadelphia Eagles of the National Football League. As of May 2011 Roseman is the youngest general manager in the NFL.,6/23/1975,Brooklyn New York,NULL
136,Hue Jackson,Huey Hue Jackson (born October 22 1965) is the current offensive coordinator of the Cincinnati Bengals. Before that he served as the head coach of the Oakland Raiders of the National Football League after previously serving as the team's offensive coordinator in 2010.Before joining Oakland Jackson served as offensive assistant coach for several NFL teams most notably as the offensive coordinator for the Washington Redskins under Steve Spurrier and the Atlanta Falcons under Bobby Petrino.,10/22/1965,NULL,NULL
137,Ivan Fears,Ivan Fears (born November 15 1954 in Portsmouth Virginia) is the current American football running backs coach for the New England Patriots of the National Football League.,11/15/1954,Portsmouth Virginia,College of William & Mary
139,Jason Garrett,Jason Calvin Garrett (born March 28 1966) is an American football coach and former player. He is currently the head coach of the Dallas Cowboys of the NFL. Garrett was formerly the offensive coordinator and assistant head coach of the Cowboys before being promoted to interim head coach after the firing of Wade Phillips on November 8 2010.,3/28/1966,NULL,Princeton Tigers football
140,Jason Licht,Jason Licht (/?la?t/ born February 13 1971) is the current general manager of the Tampa Bay Buccaneers of the National Football League (NFL). Before joining the Bucs in 2014 Licht worked for the Miami Dolphins Carolina Panthers New England Patriots Philadelphia Eagles and Arizona Cardinals.,2/13/1971,NULL,Nebraska Wesleyan University
141,Jason Tarver,Jason Tarver (born August 28 1974) is an American football coach and currently the defensive coordinator for the Oakland Raiders. Previously he was co-defensive coordinator and inside linebacker coach for the Stanford Cardinal football team.,8/28/1974,NULL,West Valley College
142,Jedd Fisch,Jedd Fisch (born May 5 1976) is the current offensive coordinator for the Jacksonville Jaguars team. He was hired on January 19 2013.,5/5/1976,NULL,NULL
144,Jeff FitzGerald,Jeff FitzGerald is an American football coach. He is currently the linebackers coach for the Indianapolis Colts of the National Football League (NFL) a position he assumed in February 2012. FitzGerald has previously served in the same capacity for the Washington Redskins Arizona Cardinals Baltimore Ravens and Cincinnati Bengals.,4/18/1960,Burbank California,NULL
146,Jeff Stoutland,Jeff Stoutland is the offensive line coach for the Philadelphia Eagles. He served as the interim head football coach for the University of Miami in 2010.,2/10/1962,NULL,NULL
147,Jeff Tedford,Jeffrey R. Jeff Tedford (born November 2 1961) is the offensive coordinator for the Tampa Bay Buccaneers of the National Football League. He is best known as the former head coach of the California Golden Bears where he was twice named Pac-10 Coach of the Year and holds Cal records for most wins games coached and bowl game victories.Tedford played college football for Fresno State before playing professionally at quarterback in the Canadian Football League (CFL).,11/2/1961,California ,NULL
149,Jerry Rosburg,Jerry Rosburg (born November 24 1955) is an American football coach. In 2008 he was hired as assistant head coach / special teams coach for the Baltimore Ravens of the National Football League.,11/24/1955,NULL,NULL
152,Jim Caldwell ,James Jim Caldwell (born January 16 1955) is an American football coach who is currently serving as the head coach of the Detroit Lions of the National Football League (NFL). Caldwell served as the head football coach at Wake Forest University from 1993 to 2000 and as the head coach of the NFL's Indianapolis Colts from 2009 to 2011.,1/16/1955,NULL,University of Iowa
158,Jim Schwartz,James J. Schwartz (born June 2 1966) is an American football defensive coordinator for the Buffalo Bills. He was the head coach of the Detroit Lions from 2009 to 2013.,7/2/1966,NULL,Georgetown University
169,Joe DeCamillis,Joe DeCamillis (born June 29 1965) is currently the special teams coordinator and Assistant Head Coach for the Chicago Bears. He has also coached for the Dallas Cowboys Denver Broncos New York Giants Atlanta Falcons and Jacksonville Jaguars.On May 2 2009 the Dallas Cowboys practice facility collapsed during a wind storm. The collapse left DeCamillis and 11 other Cowboys players and coaches injured.,6/29/1965,Arvada Colorado,NULL
170,Joe Lombardi,Joe Lombardi is the current offensive coordinator for the Detroit Lions of the National Football League (NFL). He was hired away from the New Orleans Saints where he had been quarterbacks coach on January 21 2014.Lombardi joined the Saints as an offensive assistant in 2007 and became quarterbacks coach before the Saints' Super Bowl winning 2009 season.,NULL,NULL,NULL
171,Joe Philbin,Joseph Joe Philbin (born July 2 1961) is an American football coach who is currently the head coach of the Miami Dolphins of the National Football League.,7/2/1961,NULL,Washington & Jefferson College
172,Joe Vitt,Joe Vitt (born August 23 1954) is the assistant head coach and linebackers coach of the New Orleans Saints. He was the interim head coach for the New Orleans Saints during the 2012 season.,8/23/1954,NULL,Towson University
173,Joe Whitt Jr.,Joe Whitt Jr. (born in Auburn Alabama) is currently the cornerbacks coach of the Green Bay Packers. After the majority of the defensive coaching staff was fired after a disappointing 2008 season He was one of only two defensive coaches retained by the Packers. He was then officially announced by the Packers that he was promoted from his defensive quality control position to his current cornerbacks coach on February 3 of 2009 after speculation by the media. Whitt Jr.,NULL,Auburn Alabama,NULL
174,Joe Woods ,Joe Woods (born June 25 1970) is an american football coach. He currently serves as defensive backs coach under head coach Dennis Allen for the Oakland Raiders.,6/25/1970,NULL,Illinois State University
176,John DeFilippo,John DeFilippo (born (1978-04-12)April 12 1978) is an American football coach. He currently serves as quarterbacks coach under head coach Dennis Allen for the Oakland Raiders. DeFilippo spent two summers doing NFL internships with the Carolina Panthers (1997) and the Indianapolis Colts (1998). He played quarterback at James Madison University.,4/12/1978,NULL,James Madison University
177,John Fassel,John Fassel (born January 10 1974) is a special teams coordinator for the St. Louis Rams of the National Football League.He is the son of coach Jim Fassel.On January 31st 2012 it was announced that he would be the Special Teams Coach of the St. Louis Rams.,1/10/1974,Anaheim California,NULL
178,John Fox ,John Fox (born February 8 1955) is an American football coach who is the head coach of the Denver Broncos of the National Football League.A former defensive back Fox is considered a defensive-minded coach but has presided over a record setting offense with Quarterback Peyton Manning throwing for 5477 yards and 55 touchdowns both records in the 2013 NFL Season as the offense combined for 7317 yards also a record.,2/8/1955,NULL,San Diego State University
179,John Grieco,John Grieco is an American football strength and conditioning coach for the Oakland Raiders of the National Football League. Has 15 years of strength and conditioning coaching experience at the collegiate level ranks also included time with the University of Florida East Carolina University UNLV and University of Louisiana-Monroe. He came to the Raiders as an assistant to longtime NFL strength and conditioning coach Al Miller when Miller returned to the NFL after a long hiatus.,NULL,NULL,University of Florida
180,John Harbaugh,John Harbaugh (born September 23 1962) is the head coach of the Baltimore Ravens. Previously he coached the defensive backs for the Philadelphia Eagles and served as the Eagles special teams coach for nine years. Harbaugh and his younger brother San Francisco 49ers coach Jim Harbaugh are the first pair of brothers in NFL history to serve as head coaches. John and the Ravens beat his brother Jim and the 49ers at Super Bowl XLVII in New Orleans on February 3 2013 by a score of 34-31.,9/23/1962,NULL,Miami RedHawks football
182,John Idzik Jr.,John Idzik Jr. (born 1961) is the general manager of the New York Jets of the National Football League. He was named to the position on January 18 2013 after spending the previous six seasons in the Seahawks front office as the vice president of football administration. His father John Idzik was also a coach in the National Football League and the Canadian Football League.,NULL,Detroit Michigan,NULL
185,John Rushing,John Rushing (born February 26 1972) is an American football coach. He is the currently the defensive quality control coach for the Green Bay Packers of the National Football League (NFL). Rushing served for six years as a defensive coach at Utah State as well as serving as a secondary coach for three other colleges.His brother is Hamilton Tiger-Cats Wide Receiver Kevin Robinson.,2/26/1972,Merced California,NULL
186,John Schneider ,John Schneider (born 1971) is a professional American football executive currently serving as the general manager for the Seattle Seahawks of the National Football League (NFL). Schneider was previously a front office executive for the Washington Redskins Green Bay Packers and the Seattle Seahawks in 2000. Schneider served as the Director of Football Operations for the Green Bay Packers from 2008 to 2009. He helped architect the roster that eventually went on to win Super Bowl XLVIII.,NULL,Wisconsin,University of St. Thomas (Minnesota)
187,Johnnie Lynn,Johnnie Ross Lynn (born December 19 1956) is a former American football defensive back who played for the New York Jets in the National Football League from 1979 to 1986. He became a secondary coach after his playing career ended and is the current defensive backs coach for the Oakland Raiders.,12/19/1956,NULL,UCLA Bruins football
189,Jon Hoke,Jon Hoke (born January 24 1957) is currently the defensive backs coach for the Chicago Bears of the National Football League.,1/24/1957,Kettering Ohio,NULL
190,Jon Robinson ,Jonathan Robinson (born in Union City Tennessee) is the current American football director of college scouting for the New England Patriots of the National Football League. After high school Robinson played football at the United States Air Force Academy for one season before transferring to Southeast Missouri State University after one semester where he played three seasons as a defensive lineman.,NULL,Union City Tennessee,Southeast Missouri State University
191,Jon Sandusky,Jon D. Sandusky (born February 21 1977) is the Director of Player Personnel for the Cleveland Browns of the National Football League.,2/21/1977,NULL,NULL
192,Josh Boyer,Josh Boyer (born January 21 1977 in Heath Ohio) is an American football coach in the National Football League currently serving as cornerbacks coach for the New England Patriots. After graduating from Muskingum College where he played football as a wide receiver and defensive back he began his coaching career in 2000 as a graduate assistant at King's College Pennsylvania and then served in the same capacity at the University of Dayton in 2001 and Kent State University in 2002 and 2003.,1/27/1977,Heath Ohio,NULL
195,Keith Armstrong ,Keith Armstrong (born December 15 1963 in Trenton New Jersey) is an American football special teams coordinator for the Atlanta Falcons of the National Football League. Armstrong has over two decades of professional coaching experience. He played college football at Temple.On December 31 2012 NFL.com reported that Armstrong is expected to be interviewed by the Chicago Bears for the head coaching position after Lovie Smith's firing.,12/15/1965,Trenton New Jersey,NULL
196,Keith Burns ,Melvin Keith Burns (born September 26 1960) is the Assistant Special Teams Coach for the Oakland Raiders of the National Football League. He was previously the defensive backs coach at Ole Miss. and before that the head coach at the University of Tulsa during the years 2000 to 2002 where amongst his assistants was current Raiders head coach Dennis Allen. While at Tulsa Burns had a coaching record of 7-28.,9/26/1960,Hurst Texas,University of Arkansas
199,Kelly Skipper,Kelly Skipper (born (1967-07-25)July 25 1967) is an American football coach. He currently serves as running backs coach under head coach Dennis Allen for the Oakland Raiders. Skipper spent two summers doing NFL internships with the Seattle Seahawks and Washington Redskins. Played running back at Fresno State.,NULL,NULL,California State University Fresno
200,Ken Flajole,Ken Flajole (born October 4 1954) is an American football coach.He is the current inside linebackers coach of the Cleveland Browns of the National Football League (NFL). He was the defensive coordinator of the St. Louis Rams of the National Football League (NFL) from 2009 to 2011. Prior to that he served as linebackers coach for the Carolina Panthers from 2003 to 2008. Flajole replaced Sal Sunseri as defensive assistant in 2003 bringing with him five years of NFL coaching experience.,10/4/1954,Seattle,NULL
202,Kevin Coyle,Kevin Coyle (born January 14 1956) is an American football coach. He is currently the defensive coordinator for the Miami Dolphins of the National Football League. He was hired by the Dolphins on January 27 2012. Prior to joining the Dolphins Coyle spent 8 years as the defensive backs coach for the Cincinnati Bengals.,1/14/1956,NULL,NULL
204,Kevin O'Dea,Kevin O'Dea (born June 9 1960 in Williamsport Pennsylvania) is an American football coach currently serving as special teams coordinator for the Tampa Bay Buccaneers of the National Football League.,6/9/1960,Williamsport Pennsylvania,Lock Haven University of Pennsylvania
205,Kippy Brown,Kippy Brown (born March 6 1955 in Sweetwater Tennessee) is the wide receivers coach of the Seattle Seahawks. He was a collegiate level starting quarterback for Memphis State and has coached in various capacities at both the collegiate and professional levels of American football. He graduated from Memphis State in 1977 with a degree in communications.,3/6/1955,Sweetwater Tennessee,NULL
206,Kirk Olivadotti,Kirk Olivadotti (born January 1 1974) is an American football coach who has worked for teams such as the Maine Maritime Academy Indiana State University the Washington Redskins and the University of Georgia. Olivadotti was the longest-tenured member of the Redskins' coaching staff having worked with their defense for eleven seasons before leaving to be the linebackers coach for the Bulldogs in 2011.,1/1/1974,Wilmington Delaware,Purdue University
208,Kyle Shanahan,Kyle Shanahan (born December 14 1979) is the current offensive coordinator for the Cleveland Browns of the National Football League (NFL). Shanahan at 28 years 26 days old became the youngest coordinator in the NFL when he was promoted by the Houston Texans on January 11 2008. His father Mike Shanahan is the former head coach for the Los Angeles Raiders Denver Broncos and Washington Redskins.,12/14/1979,Minneapolis,University of Texas at Austin
214,Lovie Smith,Lovie Lee Smith (born (1958-05-08)May 8 1958) is the current head coach of the Tampa Bay Buccaneers of the National Football League. He was previously the head coach of the Chicago Bears from 2004 to 2012. Smith has been to the Super Bowl twice as the defensive coordinator for the 2001 St. Louis Rams and as the head coach for the Chicago Bears in 2006.,5/8/1958,Gladewater Texas,University of Tulsa
216,Marc Trestman,Marc Trestman (born January 15 1956) is an American football coach. He is currently the head coach of the Chicago Bears of the National Football League. Previously he was the head coach of the Montreal Alouettes of the Canadian Football League for five seasons and led the club to two consecutive Grey Cup championships and was named CFL Coach of the Year in 2009.,1/15/1956,Minneapolis Minnesota,{University of Minnesota|Minnesota State University Moorhead}
218,Mark Hutson,Mark Hutson (born August 29 1966) is an American football NFL coach currently serving as the tight ends coach for the Oakland Raiders under new head coach Dennis Allen. In the 1980s he was an All-American offensive lineman for the Oklahoma Sooners and among the top players in school history.,8/29/1966,NULL,University of Oklahoma
220,Marvin Lewis,Marvin Ronald Lewis (born September 23 1958) is the head coach of the Cincinnati Bengals of the National Football League a position he has held since January 14 2003 making him the 2nd longest tenured head coach in the NFL behind New England Patriots head coach Bill Belichick.,9/23/1958,NULL,NULL
221,Matt Patricia,Matt Patricia (born September 13 1974 in Sherrill New York) is an American football defensive coordinator for the New England Patriots of the National Football League.,9/13/1974,Sherrill New York,Rensselaer Polytechnic Institute
224,Mel Tucker,Mel Tucker (born January 4 1972) is an American football coach who is currently the defensive coordinator of the Chicago Bears of the National Football League (NFL).,1/4/1972,Cleveland Ohio,NULL
229,Mike Mallory,Mike Mallory is the special teams coordinator for the Jacksonville Jaguars. He is a former American football linebacker who played for the University of Michigan Wolverines from 1982 to 1985. He was the Most Valuable Player for the 1984 Wolverines team and was a finalist for the Butkus Award in 1985. Since 1986 he has been a college football coach including two years as the defensive coordinator at the University of Illinois.,NULL,NULL,NULL
231,Mike McCarthy ,Michael John Mike McCarthy (born November 10 1963) is a professional American football coach currently serving as the head coach of the National Football League's Green Bay Packers.,11/10/1963,NULL,NULL
232,Mike Miller ,Mike Miller (born April 9 1970) is an American football coach. He was the offensive coordinator for the Arizona Cardinals of the National Football League from 2011 to 2012 and the offensive coordinator and quarterbacks coach for the Montreal Alouettes of the Canadian Football League in 2013. Miller graduated in 1988 from Plum High School in Plum Pennsylvania a suburb of Pittsburgh.,4/9/1970,Pittsburgh,NULL
233,Mike Mularkey,Michael Rene Mularkey (born November 19 1961) is an American professional football coach. He is the tight ends coach for the Tennessee Titans. He played college football for the University of Florida and thereafter he played 9 seasons in the NFL as a tight end for the Minnesota Vikings and Pittsburgh Steelers of the National Football League (NFL).,11/19/1961,NULL,NULL
235,Mike Nolan,Mike Nolan (born March 7 1959) is an American football coach and the current defensive coordinator of the Atlanta Falcons. He was formerly head coach for the San Francisco 49ers and a defensive coordinator for the Baltimore Ravens New York Jets Washington Redskins New York Giants Denver Broncos and Miami Dolphins.,3/7/1959,Baltimore Maryland,NULL
236,Mike Pettine,Michael Anthony Pettine Jr. (born September 25 1966) is an American football coach who is currently the head coach of the NFL's Cleveland Browns. He was formerly the defensive coordinator for the Buffalo Bills New York Jets and the outside linebackers coach for the Baltimore Ravens.Pettine is the son of famous Pennsylvania high school football coach Mike Pettine Sr. who went 326-42-4 record in 33 seasons and won the AAAA state championship four times at Central Bucks High School West.,9/25/1966,,NULL
239,Mike Smith ,Mike Smith known colloquially as Smitty (born June 13 1959) is an American football coach. He is the current head coach for the National Football League's Atlanta Falcons a position he has held since 2008. He previously served as the defensive coordinator for the Jacksonville Jaguars from 2003 until his hiring in Atlanta. In his first season as Falcons head coach Smith was recipient of the NFL Coach of the Year Award by the Associated Press.,6/13/1959,NULL,East Tennessee State University
240,Mike Solari,Mike Solari (born January 16 1955) is an American football coach and former player. He is currently the offensive line coach for the San Francisco 49ers of the National Football League (NFL) a position he has held since the 2010 season. Solari has previously worked for four other NFL teams including a stint as offensive coordinator of the Kansas City Chiefs from 2006 to 2007. He played collegiately as an offensive lineman at San Diego State University.,1/16/1955,NULL,NULL
241,Mike Tomlin,Michael Tomlin (born March 15 1972) is the current head coach for the Pittsburgh Steelers of the American Football Conference succeeding Bill Cowher. Tomlin is the third youngest head coach in any of the four major North American professional sports. He is the tenth African-American head coach in NFL history and first in Steelers history. With the Steelers' victory in Super Bowl XLIII on February 1 2009 Tomlin became the youngest head coach to lead his team to a Super Bowl victory.,3/15/1972,Virginia,William & Mary Tribe football
246,Mike Zimmer,Mike Zimmer (born June 6 1956) is an American football coach who is the head coach of the Minnesota Vikings of the National Football League. He previously was a defensive coordinator in the NFL with the Dallas Cowboys Atlanta Falcons and Cincinnati Bengals.,6/5/1956,Peoria Illinois,Illinois State Redbirds football
247,Monte Kiffin,Monte Kiffin (born February 29 1940) is an American football coach currently the assistant head coach of defense for the Dallas Cowboys . He is widely considered to be one of the preeminent defensive coordinators in modern football as well as one of the greatest defensive coordinators in NFL history.,2/29/1940,NULL,NULL
248,Nathaniel Hackett,Nathaniel Hackett (born December 19 1979) is the current offensive coordinator for the Buffalo Bills of the National Football League. He was hired by the Bills on January 8 2013. He had previously served as offensive coordinator for Bills coach Doug Marrone at Syracuse University.He is the son of former college football and NFL coach Paul Hackett.,12/19/1979,NULL,University of California Davis
251,Nick Caserio,Nick Caserio (born December 27 1975) is an American football executive currently serving as director of player personnel for the New England Patriots of the National Football League. In 2007 he served as wide receivers coach for the Patriots squad to whom Tom Brady threw an NFL-record 50 touchdown passes.,12/27/1975,Lyndhurst Ohio,John Carroll University
252,Norv Turner,Norval Eugene Turner (born May 17 1952) is an American football coach who is currently the offensive coordinator for the Minnesota Vikings of the National Football League (NFL). Turner has also served as offensive coordinator for the San Diego Chargers Miami Dolphins San Francisco 49ers Dallas Cowboys in which position he won two Super Bowls and the Cleveland Browns. He has served as head coach of the Washington Redskins Oakland Raiders and San Diego Chargers.,5/17/1952,Marine Corps Base Camp Lejeune North Carolina,NULL
253,Pat McPherson,Patrick McPherson (born April 15 1969) is the tight ends coach for the Seattle Seahawks. He joins the Seahawks after 11 years with the Denver Broncos. He was the wide receivers coach for the Denver Broncos before joining the Seahawks. He joined the Broncos coaching staff in 1998 as a defensive assistant and in 1999 became an offensive assistant. He then served as the quarterbacks coach from 2003 until 2006.,4/15/1969,Santa Clara California,NULL
254,Pat Meyer,Pat Meyer (born April 5 1972) is the offensive line coach for the Chicago Bears of the National Football League.,4/5/1972,NULL,NULL
255,Patrick Graham ,Patrick Graham (born January 24 1979 in Waterbury Connecticut) is a current American football defensive line coach for the New England Patriots of the National Football League. Graham played college football as a defensive lineman at Yale University graduating with a bachelor's degree in sociology in 2002. He then worked as a graduate assistant at Wagner College while also studying for an MBA.,1/24/1979,Waterbury Connecticut,NULL
256,Paul Boudreau,Paul T. Boudreau (born December 30 1949) is the current Offensive Line Coach for the NFL's St. Louis Rams. He has served as the offensive line coach for eight different NFL teams one CFL team and four NCAA teams. He has coached in the NFL since 1987. This is his second stint with the Rams organization having coached them in the 2006 and 2007 seasons.,12/30/1949,NULL,NULL
258,Pep Hamilton,Pep Hamilton (born September 19 1974) is the current offensive coordinator for the Indianapolis Colts of the National Football League.,9/19/1974,NULL,NULL
259,Perry Fewell,Perry Fewell (born September 7 1962) is an American football coach who currently serves as the Defensive Coordinator of the New York Giants. Before that he served as the interim head coach and defensive coordinator of the National Football League's Buffalo Bills. He was named interim head coach after serving as the team's defensive coordinator from 2006 to 2009 under head coach Dick Jauron.,9/7/1962,NULL,Lenoir Rhyne University
260,Pete Carroll,For other people named Peter Carroll see Peter Carroll. Not to be confused with Pete Carril.Peter Clay Pete Carroll (born September 15 1951) is the head coach and executive vice president of the Seattle Seahawks of the National Football League. He is a former head coach of the New York Jets New England Patriots and the USC Trojans.,9/15/1951,San Francisco California,University of the Pacific (United States)
262,Phil Emery ,Phillip Phil Emery (born January 16 1959) is the General Manager of the Chicago Bears. He is responsible for the salary cap and coordinates other facets of the football operations. After being hired Bears chairman George McCaskey told him that though head coach Lovie Smith's contract runs through 2013 and that Smith will be head coach in 2012 Emery has the ability to make a change at the position. Smith was eventually fired on December 31 after the Bears missed the playoffs.,1/16/1959,NULL,NULL
265,Raheem Morris,Raheem Morris (born September 3 1976) is the defensive backs coach for the Washington Redskins. He has served as head coach and defensive coordinator for the Tampa Bay Buccaneers of the National Football League. He was hired by the Buccaneers as head coach on January 17 2009 after previous head coach Jon Gruden was fired after seven seasons. Morris was fired on January 2 2012.,9/3/1976,NULL,NULL
266,Randy Jordan,Randy Jordan (born June 6 1970 in Manson North Carolina) is a former professional American football player who played running back for nine seasons for the Los Angeles Raiders the Jacksonville Jaguars and the Oakland Raiders. At Jacksonville he scored the team's first-ever touchdown in 1995. He is a former assistant running backs coach at University of North Carolina Chapel Hill. Now currently is the running backs coach for the Washington Redskins.,6/6/1970,Manson North Carolina,NULL
271,Ray Sherman,Ray Sherman (November 27 1951) is an American football coach and former player. He is currently the wide receivers coach for the St. Louis Rams of the National Football League (NFL).,11/27/1951,Berkeley California,NULL
273,Reggie Herring,Reginald Wayne Herring (born July 3 1959) is an American football coach and former player. A former linebacker at Florida State University he is currently the linebackers coach for the Chicago Bears of the National Football League (NFL). Herring served as the interim head football coach for the University of Arkansas in the 2008 Cotton Bowl Classic.,7/3/1959,NULL,NULL
276,Rich Bisaccia,Richard Bisaccia (born June 3 1960) is the current special teams coordinator for the Dallas Cowboys.Prior to joining the Cowboys Bisaccia was the assistant head coach special teams coordinator and running backs coach for Auburn University's football team he was hired to that position by Gus Malzahn in January 2013.,6/3/1960,NULL,NULL
277,Rick Campbell,Rick Campbell is the head coach for the Ottawa RedBlacks of the Canadian Football League. He was formerly the Calgary Stampeders' defensive coordinator from 2012 to 2013 and was also an assistant coach with the Edmonton Eskimos and Winnipeg Blue Bombers. He is a two-time Grey Cup champion once as the special teams coordinator with the Eskimos in 2003 and again with the Eskimos as the defensive coordinator in 2005. He attended the University of Oregon.,NULL,NULL,NULL
278,Rick Mueller,Rick Mueller (born December 4 1967 in Spokane Washington) is a professional American football executive currently serving as a Personnel Executive with the Philadelphia Eagles of the National Football League. He has also served as the General Manager of the Omaha Nighthawks of the United Football League in 2010-2011.,12/4/1967,Spokane Washington,NULL
279,Rick Spielman,Rick Spielman is the General Manager of the NFL's Minnesota Vikings. He was promoted to General Manager in 2012 after spending 2006-2011 as the team's Vice President of Player Personnel. He formerly worked for ESPN on NFL Live.Spielman is a graduate of Massillon Washington High School located in Massillon Ohio and is the older brother of Chris Spielman the former Detroit Lions linebacker.,NULL,NULL,Southern Illinois University
282,Rob Ryan,Rob Ryan (born December 13 1962) is an American football coach currently employed as the defensive coordinator of the New Orleans Saints. He is the son of former defensive coordinator and head coach Buddy Ryan and the twin brother of current head coach of the New York Jets Rex Ryan.,12/13/1962,NULL,NULL
284,Rod Marinelli,Rodney Marinelli (born July 13 1949) is an American football coach who is currently the defensive coordinator for the Dallas Cowboys. He was fired from his position as head coach one day after coaching the Lions to the worst single-season record in NFL history 016 in 2008.,7/13/1949,NULL,California Lutheran University
285,Romeo Crennel,Romeo Rac Crennel (born June 18 1947) is an American football defensive coordinator for the Houston Texans. Though he has spent much of his career as a defensive assistant he has been the head coach of the Cleveland Browns and the Kansas City Chiefs. On January 20 2014 he signed a 3 year deal to become the next defensive coordinator for the Houston Texans.,6/18/1947,NULL,NULL
286,Ron Prince,Ron Prince (born September 18 1969) is an American football coach currently the assistant head coach and tight ends coach for the Detroit Lions of the National Football League.,9/18/1969,Omaha Nebraska,NULL
289,Sanjay Lal,Sanjay Lal (born (1969-07-23)July 23 1969) is an American football coach. He currently serves as the wide receivers coach for the New York Jets of the National Football League (NFL).,7/23/1969,London,NULL
290,Scott Linehan,Scott Thomas Linehan (born September 17 1963) is an American football coach and currently the passing game coordinator for the Dallas Cowboys. He was previously the head coach of the St. Louis Rams and the offensive coordinator for the Miami Dolphins Minnesota Vikings and Detroit Lions. Prior to becoming an NFL coach in 2002 Linehan was a collegiate assistant coach for 13 seasons.,9/17/1963,NULL,Idaho Vandals football
291,Scott O'Brien,Scott O'Brien (born June 25 1957) is a current American football special teams coach for the New England Patriots of the National Football League.,6/25/1957,NULL,University of Wisconsin Superior
292,Scott Pioli,Scott Pioli (born March 31 1965) is currently an NFL informationalist for NBC Sports' Football Night in America and NBC Sports Network's Pro Football Talk. He was a professional American football executive most recently as general manager for the Kansas City Chiefs of the National Football League (NFL) until his release on January 4 2013. Pioli was previously a front office executive for the Cleveland Browns Baltimore Ravens New York Jets and New England Patriots.,3/31/1965,NULL,Central Connecticut State University
294,Sean McVay,Sean McVay (born January 24 1986) is an American football coach and former player. He is currently the offensive coordinator for the Washington Redskins of the National Football League (NFL).,1/24/1986,NULL,NULL
295,Sean Payton,Patrick Sean Payton (born December 29 1963) is an American football head coach for the New Orleans Saints of the National Football League (NFL). Payton was a quarterback at Naperville Central High School and Eastern Illinois University and played professionally in 1987 and 1988.,12/29/1963,NULL,Eastern Illinois University
297,Skip Peete,Skip Peete is the running backs coach of the Chicago Bears and the brother of former veteran quarterback Rodney Peete. Prior to being hired by the Bears he spent six years as the Dallas Cowboys' running backs coach before which he held the same position with the Oakland Raiders for nine seasons.,09/17/1983,NULL,NULL
301,Steve Spagnuolo,Stephen Christopher Spagnuolo born December 21 1959 is an American football coach who was hired as a senior defensive assistant by the Baltimore Ravens on May 3 2013. He was previously the head coach of the St. Louis Rams from January 2009 to January 2012.,12/21/1959,NULL,NULL
303,Ted Gilmore,Ted Gilmore is the current Wide receivers coach for the Oakland Raiders of the National Football League. He previously held the same position with USC and is a former Assistant Head Coach (Offense) Wide Receivers Coach and Recruiting Coordinator for the University of Nebraska Cornhuskers football team. In 2011 Gilmore was named Wide Receivers Coach of the Year by FootballScoop.,3/21/1967,Wichita Kansas,University of Wyoming
304,Ted Monachino,Ted Monachino (born October 15 1966) is the linebackers coach for the Baltimore Ravens.,10/15/1966,Council Bluffs Iowa,NULL
307,Terrell Williams,Terrell Williams (born June 19 1974) is an American football coach and currently the defensive line coach for the Oakland Raiders.In 2007 Williams worked with the Seattle Seahawks' defensive line during training camp. In 1999 he interned with the Jacksonville Jaguars assisting with the defensive line.,6/19/1974,NULL,East Carolina University
308,Terry Malone,Terry Malone is the current tight ends coach for the New Orleans Saints of the NFL. Prior to the 2006 NCAA Division I FBS football season Malone had been the offensive coordinator for the Michigan Wolverines football team. Malone was hired by the Saints in 2006.As offensive coordinator at Michigan Malone was both preceded and succeeded by Mike DeBord.,NULL,Redford Michigan,NULL
309,Teryl Austin,Teryl Austin (born March 3 1965) is an American football coach and former player. He is currently the defensive coordinator for the Detroit Lions. Austin also served a single season as the Florida Gators defensive coordinator.,3/3/1965,NULL,NULL
310,Thomas Dimitroff,Thomas George Dimitroff Jr. (born 1966) is the current general manager for the Atlanta Falcons of the National Football League. Before joining the Falcons in 2008 Dimitroff was with the New England Patriots for six years. He joined the Patriots in 2002 as a national scout and then was named director of college scouting a year later.,NULL,NULL,NULL
312,Tim Walton ,Tim Walton (born March 11 1971) is the former defensive coordinator for the St. Louis Rams of the National Football League (NFL). He played college football at Ohio State.Walton was hired by the St. Louis Rams on February 12 2013. On January 29 2014 the Rams announced they would not be renewing Walton's contract with the team. The Rams quickly hired Defensive Coordinator Greg Williams to take Walton's place.,3/11/1971,NULL,NULL
313,Todd Haley,Todd Haley (born February 28 1967) is an American football coach currently serving as the offensive coordinator for the Pittsburgh Steelers. Haley recently served as the head coach of the Kansas City Chiefs of the National Football League (NFL) from 2009 to 2011. Prior to joining the Chiefs Haley served as the Arizona Cardinals' offensive coordinator from 2007 to 2008 and was the wide receivers coach for the New York Jets Chicago Bears and Dallas Cowboys.,2/28/1967,Atlanta Georgia,University of North Florida
315,Tom Coughlin,Thomas Richard Coughlin (born August 31 1946) is an American football coach who is currently head coach for the New York Giants of the National Football League (NFL). Coughlin led the Giants to victory in Super Bowl XLII and Super Bowl XLVI. Coughlin was also the inaugural head coach of the Jacksonville Jaguars serving from 1995-2002 and leading the team to two AFC Championship Games.,8/31/1946,NULL,Syracuse University
319,Tom Moore ,Tom Moore (born November 7 1938) is a football coach currently working as an offensive consultant for the NFL's Arizona Cardinals.,11/7/1938,Owatonna Minnesota,University of Iowa
321,Tony Sparano,Anthony Tony Sparano III (born (1961-10-07)October 7 1961) is an American football coach and currently the assistant head coach and offensive line coach of the Oakland Raiders. He previously served as the head coach of the Miami Dolphins and as offensive coordinator for the New York Jets.,10/7/1961,NULL,University of New Haven
322,Travis Jones,Travis Jones is the current defensive line coach for the Seattle Seahawks of the NFL. In 2010 when Jones was the assistant defensive line coach for the New Orleans Saints he suspended by the team for 30 days without pay for his role in a real estate scam where he allegedly made false statements on loan and real estate documents in order to obtain mortgage loans.,NULL,Irwinton Georgia,NULL
323,Trent Baalke,Trent John Baalke (/?b??lki?/ BAHL-kee) is the General Manager of the San Francisco 49ers an American football team in the National Football League (NFL). He was officially named General Manager in January 2011 though he had been responsible for the duties of a general manager since Scot McCloughan's departure from the team in March 2010.,NULL,NULL,NULL
324,Tyke Tolbert,Tyke Tolbert (born September 15 1967) is an American football coach and former player. He is currently the wide receivers coach for the Denver Broncos of the National Football League (NFL) a position he has held since the 2011 season.,9/15/1967,Conroe Texas,NULL
325,Vic Fangio,Victor John Vic Fangio (born August 22 1958) is an American football coach. He is the current defensive coordinator of the San Francisco 49ers. Prior to being named the 49ers Defensive Coordinator Fangio was defensive coordinator for the Stanford Cardinal linebackers coach for the Baltimore Ravens and defensive coordinator for the Houston Texans Indianapolis Colts and Carolina Panthers.,8/22/1958,NULL,NULL
329,Zac Taylor,Zac Taylor (born May 10 1983) is an American football assistant coach and former quarterback. He is currently the quarterbacks coach for the Miami Dolphins. From 2005 to 2006 he was the starting quarterback for Cornhuskers football team at the University of Nebraska Lincoln. He was recruited late in the 2004-2005 off-season by the Huskers being a described lucky break due to the Huskers lack of quarterbacks at the time.,5/10/1983,NULL,Nebraska Cornhuskers football
